nafn,V,N,fjarlægð,Meðalfjöldi,std
A1,-22.2348524160377,64.5836069338224,-495,500,20
A2,-20.2962972802338,65.6602274039844,455,5000,200
A3,-21.3572318467797,64.3824052327425,50,50,2