Stytting,Nafn,staðsetning,V,N,Stock,max
Farm1,Eldi 1,-45,-24.09576416,65.61011642,10.0,10.0
Farm2,Eldi 2,0,-23.98429155,65.65544416,5.0,10.0